arr_teff_coolstar,arr_t0roche_coolstar_Earth,arr_t0roche_coolstar_Earth_lower,arr_t0roche_coolstar_Earth_upper,arr_t0roche_coolstar_SuperEarth,arr_t0roche_coolstar_SuperEarth_lower,arr_t0roche_coolstar_SuperEarth_upper
2.900000000000000000e+03,1.372189027465568643e+03,1.323979113729773644e+03,1.401388699492342994e+03,1.427867279268440598e+03,1.377701189187660475e+03,1.458251763780321880e+03
2.905811623246493127e+03,1.378118822505900425e+03,1.330263548774741366e+03,1.407462459332955859e+03,1.434037683011207946e+03,1.384240622887965856e+03,1.464571973871612045e+03
2.911623246492985800e+03,1.384058850382859646e+03,1.336555656524469669e+03,1.413543262799178819e+03,1.440218734800492712e+03,1.390788040622432163e+03,1.470899513392256267e+03
2.917434869739478927e+03,1.390008991359563424e+03,1.342855285704559719e+03,1.419631032361744474e+03,1.446410310040939976e+03,1.397343284978516976e+03,1.477234301667140471e+03
2.923246492985972054e+03,1.395969127757933848e+03,1.349162290659665587e+03,1.425725692016582343e+03,1.452612286279540967e+03,1.403906204390730181e+03,1.483576259608236342e+03
2.929058116232464727e+03,1.401939143899846840e+03,1.355476531057953025e+03,1.431827167227692144e+03,1.458824543144388599e+03,1.410476652833101070e+03,1.489925309655155161e+03
2.934869739478957854e+03,1.407918926050255550e+03,1.361797871613300686e+03,1.437935384872491113e+03,1.465046962285498012e+03,1.417054489530108413e+03,1.496281375718274148e+03
2.940681362725450981e+03,1.413908362362222761e+03,1.368126181824067089e+03,1.444050273189510108e+03,1.471279427317605041e+03,1.423639578684846128e+03,1.502644383124315937e+03
2.946492985971944108e+03,1.419907342823771387e+03,1.374461335727265123e+03,1.450171761728325919e+03,1.477521823764862347e+03,1.430231789223224268e+03,1.509014258564244301e+03
2.952304609218436781e+03,1.425915759206480743e+03,1.380803211667134747e+03,1.456299781301609073e+03,1.483774039007347255e+03,1.436830994553152777e+03,1.515390930043369053e+03
2.958116232464929908e+03,1.431933505015774699e+03,1.387151692077144389e+03,1.462434263939207767e+03,1.490035962229336747e+03,1.443437072337692598e+03,1.521774326833566192e+03
2.963927855711423035e+03,1.437960475442828056e+03,1.393506663274529728e+03,1.468575142844134234e+03,1.496307484369258418e+03,1.450049904281262343e+03,1.528164379427478252e+03
2.969739478957915708e+03,1.443996567318026109e+03,1.399868015266545399e+03,1.474722352350381470e+03,1.502588498071264439e+03,1.456669375928025602e+03,1.534561019494619813e+03
2.975551102204408835e+03,1.450041679065929657e+03,1.406235641567693392e+03,1.480875827882498697e+03,1.508878897638367107e+03,1.463295376471705595e+03,1.540964179839311782e+03
2.981362725450901962e+03,1.456095710661659950e+03,1.412609439027186909e+03,1.487035505916794136e+03,1.515178578987056198e+03,1.469927798576045234e+03,1.547373794360311194e+03
2.987174348697394635e+03,1.462158563588707011e+03,1.418989307666033028e+03,1.493201323944140313e+03,1.521487439603393113e+03,1.476566538205281859e+03,1.553789798012105166e+03
2.992985971943887762e+03,1.468230140798032835e+03,1.425375150523082084e+03,1.499373220434270252e+03,1.527805378500456754e+03,1.483211494463947929e+03,1.560212126767761902e+03
2.998797595190380889e+03,1.474310346668489501e+03,1.431766873509538073e+03,1.505551134801511807e+03,1.534132296177153194e+03,1.489862569445479494e+03,1.566640717583270089e+03
3.004609218436873562e+03,1.480399086968455549e+03,1.438164385271346873e+03,1.511735007371885104e+03,1.540468094578297951e+03,1.496519668089020115e+03,1.573075508363306199e+03
3.010420841683366689e+03,1.486496268818673570e+03,1.444567597059013224e+03,1.517924779351505549e+03,1.546812677055943823e+03,1.503182698043953678e+03,1.579516437928350570e+03
3.016232464929859816e+03,1.492601800656241721e+03,1.450976422604375102e+03,1.524120392796229453e+03,1.553165948331911522e+03,1.509851569541682693e+03,1.585963445983105430e+03
3.022044088176352489e+03,1.498715592199692082e+03,1.457390778003924197e+03,1.530321790582493350e+03,1.559527814461452408e+03,1.516526195274211432e+03,1.592416473086148699e+03
3.027855711422845616e+03,1.504837554415160412e+03,1.463810581608268194e+03,1.536528916379275870e+03,1.565898182798043763e+03,1.523206490279122590e+03,1.598875460620758986e+03
3.033667334669338743e+03,1.510967599483561116e+03,1.470235753917368811e+03,1.542741714621139408e+03,1.572276961959233631e+03,1.529892371830567299e+03,1.605340350766862002e+03
3.039478957915831870e+03,1.517105640768775402e+03,1.476666217481223612e+03,1.548960130482326122e+03,1.578664061793535438e+03,1.536583759335913101e+03,1.611811086474079048e+03
3.045290581162324543e+03,1.523251592786775063e+03,1.483101896805655088e+03,1.555184109851815720e+03,1.585059393348302592e+03,1.543280574237715200e+03,1.618287611435767531e+03
3.051102204408817670e+03,1.529405371175686241e+03,1.489542718262924609e+03,1.561413599309344590e+03,1.591462868838574195e+03,1.549982739920697668e+03,1.624769870064071938e+03
3.056913827655310797e+03,1.535566892666733793e+03,1.495988610006876570e+03,1.567648546102319642e+03,1.597874401616842988e+03,1.556690181623460148e+03,1.631257807465897486e+03
3.062725450901803470e+03,1.541736075056043319e+03,1.502439501892368753e+03,1.573888898123595027e+03,1.604293906143710728e+03,1.563402826354634726e+03,1.637751369419787807e+03
3.068537074148296597e+03,1.547912837177275151e+03,1.508895325398726072e+03,1.580134603890077187e+03,1.610721297959415324e+03,1.570120602813236928e+03,1.644250502353658931e+03
3.074348697394789724e+03,1.554097098875070742e+03,1.515356013557009192e+03,1.586385612522124802e+03,1.617156493656195607e+03,1.576843441312978939e+03,1.650755153323365903e+03
3.080160320641282397e+03,1.560288780979238709e+03,1.521821500880857911e+03,1.592641873723684284e+03,1.623599410851432822e+03,1.583571273710312425e+03,1.657265269992031335e+03
3.085971943887775524e+03,1.566487805279735085e+03,1.528291723300740159e+03,1.598903337763180389e+03,1.630049968161614061e+03,1.590304033336005432e+03,1.663780800610160441e+03
3.091783567134268651e+03,1.572694094502311600e+03,1.534766618101391714e+03,1.605169955455066884e+03,1.636508085176994427e+03,1.597041654930044388e+03,1.670301693996442737e+03
3.097595190380761323e+03,1.578907572284905882e+03,1.541246123862280228e+03,1.611441678142066166e+03,1.642973682437026582e+03,1.603784074579684557e+03,1.676827899519271796e+03
3.103406813627254451e+03,1.585128163154683307e+03,1.547730180400946210e+03,1.617718457678032564e+03,1.649446681406473772e+03,1.610531229660488634e+03,1.683359367078914147e+03
3.109218436873747578e+03,1.591355792505719819e+03,1.554218728719014052e+03,1.624000246411425678e+03,1.655927004452184292e+03,1.617283058780149531e+03,1.689896047090308684e+03
3.115030060120240705e+03,1.597590386577341633e+03,1.560711710950799215e+03,1.630286997169372626e+03,1.662414574820555572e+03,1.624039501725011860e+03,1.696437890466485669e+03
3.120841683366733378e+03,1.603831872433043827e+03,1.567209070314303517e+03,1.636578663242283483e+03,1.668909316615594435e+03,1.630800499409078384e+03,1.702984848602556895e+03
3.126653306613226505e+03,1.610080177940024214e+03,1.573710751064539181e+03,1.642875198369016061e+03,1.675411154777621050e+03,1.637565993825439818e+03,1.709536873360276331e+03
3.132464929859719632e+03,1.616335231749250852e+03,1.580216698448969055e+03,1.649176556722534087e+03,1.681920015062529728e+03,1.644335927999908108e+03,1.716093917053120776e+03
3.138276553106212305e+03,1.622596963276118231e+03,1.586726858665069130e+03,1.655482692896082199e+03,1.688435824021657709e+03,1.651110245946855912e+03,1.722655932431900055e+03
3.144088176352705432e+03,1.628865302681611865e+03,1.593241178819786455e+03,1.661793561889830016e+03,1.694958508982187823e+03,1.657888892627029236e+03,1.729222872670858806e+03
3.149899799599198559e+03,1.635140180853983111e+03,1.599759606890879013e+03,1.668109119097953453e+03,1.701487998028076163e+03,1.664671813907319802e+03,1.735794691354238921e+03
3.155711422845691231e+03,1.641421529390946489e+03,1.606282091689981598e+03,1.674429320296178048e+03,1.708024219981531132e+03,1.671458956522332528e+03,1.742371342463311066e+03
3.161523046092184359e+03,1.647709280582334486e+03,1.612808582827366763e+03,1.680754121629732026e+03,1.714567104384962477e+03,1.678250268037714932e+03,1.748952780363842749e+03
3.167334669338677486e+03,1.654003367393231656e+03,1.619339030678254858e+03,1.687083479601695217e+03,1.721116581483430309e+03,1.685045696815099745e+03,1.755538959793971799e+03
3.173146292585170158e+03,1.660303723447553693e+03,1.625873386350632700e+03,1.693417351061743148e+03,1.727672582207560481e+03,1.691845191978622097e+03,1.762129835852497536e+03
3.178957915831663286e+03,1.666610283012078753e+03,1.632411601654505830e+03,1.699755693195268577e+03,1.734235038156923792e+03,1.698648703382918711e+03,1.768725363987557557e+03
3.184769539078156413e+03,1.672922980980879174e+03,1.638953629072489093e+03,1.706098463512844319e+03,1.740803881583840848e+03,1.705456181582528643e+03,1.775325499985663555e+03
3.190581162324649085e+03,1.679241752860187717e+03,1.645499421731689608e+03,1.712445619840048039e+03,1.747379045377629836e+03,1.712267577802633241e+03,1.781930199961114567e+03
3.196392785571142213e+03,1.685566534753640099e+03,1.652048933376807781e+03,1.718797120307610385e+03,1.753960463049253349e+03,1.719082843911067812e+03,1.788539420345744020e+03
3.202204408817635340e+03,1.691897263347921125e+03,1.658602118344396558e+03,1.725152923341871201e+03,1.760548068716381295e+03,1.725901932391534956e+03,1.795153117878990315e+03
3.208016032064128012e+03,1.698233875898766200e+03,1.665158931538237994e+03,1.731512987655557936e+03,1.767141797088823751e+03,1.732724796317982282e+03,1.801771249598297572e+03
3.213827655310621140e+03,1.704576310217349373e+03,1.671719328405762553e+03,1.737877272238852129e+03,1.773741583454366037e+03,1.739551389330065604e+03,1.808393772829825821e+03
3.219639278557114267e+03,1.710924504656989939e+03,1.678283264915461132e+03,1.744245736350734433e+03,1.780347363664937802e+03,1.746381665609642369e+03,1.815020645179437679e+03
3.225450901803607394e+03,1.717278398100226696e+03,1.684850697535263180e+03,1.750618339510609985e+03,1.786959074123163646e+03,1.753215579858275760e+03,1.821651824523988353e+03
3.231262525050100066e+03,1.723637929946210988e+03,1.691421583211821826e+03,1.756995041490189578e+03,1.793576651769239561e+03,1.760053087275676489e+03,1.828287269002876656e+03
3.237074148296593194e+03,1.730003040098411702e+03,1.697995879350647783e+03,1.763375802305625712e+03,1.800200034068144078e+03,1.766894143539032029e+03,1.834926937009862286e+03
3.242885771543086321e+03,1.736373668952648814e+03,1.704573543797089087e+03,1.769760582209895119e+03,1.806829158997185232e+03,1.773738704783212370e+03,1.841570787185136851e+03
3.248697394789578993e+03,1.742749757385411840e+03,1.711154534818065940e+03,1.776149341685412992e+03,1.813463965033843124e+03,1.780586727581768173e+03,1.848218778407641139e+03
3.254509018036072121e+03,1.749131246742473422e+03,1.717738811084590225e+03,1.782542041436870704e+03,1.820104391143923522e+03,1.787438168928736786e+03,1.854870869787611809e+03
3.260320641282565248e+03,1.755518078827790532e+03,1.724326331654964406e+03,1.788938642384295463e+03,1.826750376770006824e+03,1.794292986221160163e+03,1.861527020659358186e+03
3.266132264529057920e+03,1.761910195892676938e+03,1.730917055958683250e+03,1.795339105656315269e+03,1.833401861820184877e+03,1.801151137242335835e+03,1.868187190574254146e+03
3.271943887775551048e+03,1.768307540625243064e+03,1.737510943780972639e+03,1.801743392583630566e+03,1.840058786657065866e+03,1.808012580145726588e+03,1.874851339293946239e+03
3.277755511022044175e+03,1.774710056140093911e+03,1.744107955247955715e+03,1.808151464692682339e+03,1.846721092087061606e+03,1.814877273439522696e+03,1.881519426783763492e+03
3.283567134268537302e+03,1.781117685968274600e+03,1.750708050812402234e+03,1.814563283699490057e+03,1.853388719349918802e+03,1.821745175971817616e+03,1.888191413206305924e+03
3.289378757515029974e+03,1.787530374047470787e+03,1.757311191240050221e+03,1.820978811503702218e+03,1.860061610108527930e+03,1.828616246916370983e+03,1.894867258915254070e+03
3.295190380761523102e+03,1.793948064712433052e+03,1.763917337596465813e+03,1.827398010182792177e+03,1.866739706438951771e+03,1.835490445758935948e+03,1.901546924449327435e+03
3.301002004008016229e+03,1.800370702685632295e+03,1.770526451234413116e+03,1.833820841986442019e+03,1.873422950820709048e+03,1.842367732284118119e+03,1.908230370526442812e+03
3.306813627254508901e+03,1.806798233068152967e+03,1.777138493781713123e+03,1.840247269331071720e+03,1.880111286127293170e+03,1.849248066562739723e+03,1.914917558038021753e+03
3.312625250501002029e+03,1.813230601330782520e+03,1.783753427129591728e+03,1.846677254794547707e+03,1.886804655616901528e+03,1.856131408939718085e+03,1.921608448043479711e+03
3.318436873747495156e+03,1.819667753305325277e+03,1.790371213421457696e+03,1.853110761111019656e+03,1.893503002923397617e+03,1.863017720022381809e+03,1.928303001764860937e+03
3.324248496993987828e+03,1.826109635176116626e+03,1.796991815042111966e+03,1.859547751165919408e+03,1.900206272047480752e+03,1.869906960669251248e+03,1.935001180581625931e+03
3.330060120240480956e+03,1.832556193471730921e+03,1.803615194607384637e+03,1.865988187991094719e+03,1.906914407348055875e+03,1.876799091979246896e+03,1.941702946025596020e+03
3.335871743486974083e+03,1.839007375056892215e+03,1.810241314954140080e+03,1.872432034760078068e+03,1.913627353533819587e+03,1.883694075281294090e+03,1.948408259776023897e+03
3.341683366733466755e+03,1.845463127124571429e+03,1.816870139130688358e+03,1.878879254783490524e+03,1.920345055655031274e+03,1.890591872124341307e+03,1.955117083654814223e+03
3.347494989979959882e+03,1.851923397188251784e+03,1.823501630387525893e+03,1.885329811504574991e+03,1.927067459095469758e+03,1.897492444267730889e+03,1.961829379621874068e+03
3.353306613226453010e+03,1.858388133074386360e+03,1.830135752168442195e+03,1.891783668494839958e+03,1.933794509564582540e+03,1.904395753671937427e+03,1.968545109770582712e+03
3.359118236472945682e+03,1.864857282915027099e+03,1.836772468101944014e+03,1.898240789449836939e+03,1.940526153089816717e+03,1.911301762489651082e+03,1.975264236323393106e+03
3.364929859719438809e+03,1.871330795140609780e+03,1.843411741993008036e+03,1.904701138185047967e+03,1.947262336009108822e+03,1.918210433057190585e+03,1.981986721627556108e+03
3.370741482965931937e+03,1.877808618472918170e+03,1.850053537815119626e+03,1.911164678631875404e+03,1.954003004963566127e+03,1.925121727886220469e+03,1.988712528150946355e+03
3.376553106212424609e+03,1.884290701918186414e+03,1.856697819702614879e+03,1.917631374833746577e+03,1.960748106890289819e+03,1.932035609655785038e+03,1.995441618478009786e+03
3.382364729458917736e+03,1.890776994760381513e+03,1.863344551943295301e+03,1.924101190942328913e+03,1.967497589015379162e+03,1.938952041204618354e+03,2.002173955305824165e+03
3.388176352705410864e+03,1.897267446554605385e+03,1.869993698971306003e+03,1.930574091213823522e+03,1.974251398847074825e+03,1.945870985523738682e+03,2.008909501440240774e+03
3.393987975951903991e+03,1.903762007120664066e+03,1.876645225360270842e+03,1.937050040005378378e+03,1.981009484169058396e+03,1.952792405749299405e+03,2.015648219792156397e+03
3.399799599198396663e+03,1.910260626536779000e+03,1.883299095816676299e+03,1.943529001771586991e+03,1.987771793033915174e+03,1.959716265155711426e+03,2.022390073373864880e+03
3.405611222444889790e+03,1.916763255133418852e+03,1.889955275173479549e+03,1.950010941061063249e+03,1.994538273756710623e+03,1.966642527148984755e+03,2.029135025295498508e+03
3.411422845691382918e+03,1.923269843487279104e+03,1.896613728383951866e+03,1.956495822513134044e+03,2.001308874908729649e+03,1.973571155260326350e+03,2.035883038761580110e+03
3.417234468937875590e+03,1.929780342415392852e+03,1.903274420515726661e+03,1.962983610854586232e+03,2.008083545311345688e+03,1.980502113139947824e+03,2.042634077067642465e+03
3.423046092184368717e+03,1.936294702969360969e+03,1.909937316745071030e+03,1.969474270896512053e+03,2.014862234030019408e+03,1.987435364551099156e+03,2.049388103596945712e+03
3.428857715430861845e+03,1.942812876429710059e+03,1.916602382351328515e+03,1.975967767531232539e+03,2.021644890368423603e+03,1.994370873364290674e+03,2.056145081817273876e+03
3.434669338677354972e+03,1.949334814300367952e+03,1.923269582711584462e+03,1.982464065729293679e+03,2.028431463862699502e+03,2.001308603551741498e+03,2.062904975277807353e+03
3.440480961923847644e+03,1.955860468303261996e+03,1.929938883295480991e+03,1.988963130536533527e+03,2.035221904275832003e+03,2.008248519181981237e+03,2.069667747606079956e+03
3.446292585170340772e+03,1.962389790373027836e+03,1.936610249660241834e+03,1.995464927071234797e+03,2.042016161592146545e+03,2.015190584414676096e+03,2.076433362505003061e+03
3.452104208416833899e+03,1.968922732651822798e+03,1.943283647445831321e+03,2.001969420521332722e+03,2.048814186011908532e+03,2.022134763495589368e+03,2.083201783749972492e+03
3.457915831663326571e+03,1.975459247484259549e+03,1.949959042370298903e+03,2.008476576141694522e+03,2.055615927946055763e+03,2.029081020751739516e+03,2.089972975186026815e+03
3.463727454909819699e+03,1.981999287412434114e+03,1.956636400225268744e+03,2.014986359251471640e+03,2.062421338011021817e+03,2.036029320586703079e+03,2.096746900725099295e+03
3.469539078156312826e+03,1.988542805171065993e+03,1.963315686871586195e+03,2.021498735231500859e+03,2.069230367023678355e+03,2.042979627476086989e+03,2.103523524343313511e+03
3.475350701402805498e+03,1.995089753682721948e+03,1.969996868235082957e+03,2.028013669521778866e+03,2.076042965996368821e+03,2.049931905963122517e+03,2.110302810078350831e+03
3.481162324649298625e+03,2.001640086053157574e+03,1.976679910302522103e+03,2.034531127618989558e+03,2.082859086132056746e+03,2.056886120654443857e+03,2.117084722026881082e+03
3.486973947895791753e+03,2.008193755566744358e+03,1.983364779117634271e+03,2.041051075074095479e+03,2.089678678819569541e+03,2.063842236215964476e+03,2.123869224342054167e+03
3.492785571142284425e+03,2.014750715681976089e+03,1.990051440777304379e+03,2.047573477489972902e+03,2.096501695628922789e+03,2.070800217368908307e+03,2.130656281231041248e+03
3.498597194388777552e+03,2.021310920027086468e+03,1.996739861427869982e+03,2.054098300519111035e+03,2.103328088306758673e+03,2.077760028885959400e+03,2.137445856952639133e+03
3.504408817635270680e+03,2.027874322395741274e+03,2.003430007261545825e+03,2.060625509861365572e+03,2.110157808771863984e+03,2.084721635587539822e+03,2.144237915814933331e+03
3.510220440881763352e+03,2.034440876742817636e+03,2.010121844512947291e+03,2.067155071261747707e+03,2.116990809110779537e+03,2.091685002338193499e+03,2.151032422172996576e+03
3.516032064128256479e+03,2.041010537180266965e+03,2.016815339455739831e+03,2.073686950508278642e+03,2.123827041573492352e+03,2.098650094043098761e+03,2.157829340426657836e+03
3.521843687374749607e+03,2.047583257973060654e+03,2.023510458399375466e+03,2.080221113429881825e+03,2.130666458569218776e+03,2.105616875644671836e+03,2.164628635018307250e+03
3.527655310621242279e+03,2.054158993535210811e+03,2.030207167685942522e+03,2.086757525894326591e+03,2.137509012662264013e+03,2.112585312119290393e+03,2.171430270430755627e+03
3.533466933867735406e+03,2.060737698425871258e+03,2.036905433687102231e+03,2.093296153806214988e+03,2.144354656567963502e+03,2.119555368474104398e+03,2.178234211185143067e+03
3.539278557114228533e+03,2.067319327345508555e+03,2.043605222801129230e+03,2.099836963105003178e+03,2.151203343148699787e+03,2.126527009743956569e+03,2.185040421838878046e+03
3.545090180360721206e+03,2.073903835132150107e+03,2.050306501450020278e+03,2.106379919763080579e+03,2.158055025409997597e+03,2.133500200988376491e+03,2.191848866983637436e+03
3.550901803607214333e+03,2.080491176757705944e+03,2.057009236076718480e+03,2.112924989783879482e+03,2.164909656496698062e+03,2.140474907288687518e+03,2.198659511243401539e+03
3.556713426853707460e+03,2.087081307324350291e+03,2.063713393142395944e+03,2.119472139200024685e+03,2.171767189689189308e+03,2.147451093745183698e+03,2.205472319272527329e+03
3.562525050100200133e+03,2.093674182060976364e+03,2.070418939123825112e+03,2.126021334071521323e+03,2.178627578399723916e+03,2.154428725474389921e+03,2.212287255753861700e+03
3.568336673346693260e+03,2.100269756319723001e+03,2.077125840510823764e+03,2.132572540483987268e+03,2.185490776168798220e+03,2.161407767606408015e+03,2.219104285396907017e+03
3.574148296593186387e+03,2.106867985572552243e+03,2.083834063803780282e+03,2.139125724546908259e+03,2.192356736661593914e+03,2.168388185282339236e+03,2.225923372935998032e+03
3.579959919839679515e+03,2.113468825407895565e+03,2.090543575511237577e+03,2.145680852391936241e+03,2.199225413664489224e+03,2.175369943651768608e+03,2.232744483128538377e+03
3.585771543086172187e+03,2.120072231527373788e+03,2.097254342147559328e+03,2.152237890171224080e+03,2.206096761081644672e+03,2.182353007870339297e+03,2.239567580753261609e+03
3.591583166332665314e+03,2.126678159742547450e+03,2.103966330230647600e+03,2.158796804055784378e+03,2.212970732931619295e+03,2.189337343097376106e+03,2.246392630608529089e+03
3.597394789579158441e+03,2.133286565971753589e+03,2.110679506279737780e+03,2.165357560233891945e+03,2.219847283344083735e+03,2.196322914493591725e+03,2.253219597510662879e+03
3.603206412825651569e+03,2.139897406236983898e+03,2.117393836813238522e+03,2.171920124909499009e+03,2.226726366556567427e+03,2.203309687218837553e+03,2.260048446292298195e+03
3.609018036072144241e+03,2.146510636660822001e+03,2.124109288346650374e+03,2.178484464300699983e+03,2.233607936911274464e+03,2.210297626429940919e+03,2.266879141800788602e+03
3.614829659318637368e+03,2.153126213463433487e+03,2.130825827390514860e+03,2.185050544638214888e+03,2.240491948851949473e+03,2.217286697278565953e+03,2.273711648896623956e+03
3.620641282565130496e+03,2.159744092959610498e+03,2.137543420448448160e+03,2.191618332163900050e+03,2.247378356920803526e+03,2.224276864909173128e+03,2.280545932451881527e+03
3.626452905811623168e+03,2.166364231555861807e+03,2.144262034015192967e+03,2.198187793129290640e+03,2.254267115755487339e+03,2.231268094456987455e+03,2.287381957348712604e+03
3.632264529058116295e+03,2.172986585747564732e+03,2.150981634574754480e+03,2.204758893794169126e+03,2.261158180086123593e+03,2.238260351046061714e+03,2.294219688477847285e+03
3.638076152304609423e+03,2.179611112116147069e+03,2.157702188598558223e+03,2.211331600425152828e+03,2.268051504732379726e+03,2.245253599787359235e+03,2.301059090737131100e+03
3.643887775551102095e+03,2.186237767326335415e+03,2.164423662543679256e+03,2.217905879294317856e+03,2.274947044600598474e+03,2.252247805776908081e+03,2.307900129030087555e+03
3.649699398797595222e+03,2.192866508123441690e+03,2.171146022851080033e+03,2.224481696677840318e+03,2.281844754680981168e+03,2.259242934093973417e+03,2.314742768264507504e+03
3.655511022044088350e+03,2.199497291330683311e+03,2.177869235943932836e+03,2.231059018854652095e+03,2.288744590044794222e+03,2.266238949799305828e+03,2.321586973351048982e+03
3.661322645290581022e+03,2.206130073846573396e+03,2.184593268225959491e+03,2.237637812105143894e+03,2.295646505841654289e+03,2.273235817933416456e+03,2.328432709201887974e+03
3.667134268537074149e+03,2.212764812642331435e+03,2.191318086079817022e+03,2.244218042709866495e+03,2.302550457296837067e+03,2.280233503514898530e+03,2.335279940729367809e+03
3.672945891783567276e+03,2.219401464759340342e+03,2.198043655865512392e+03,2.250799676948261549e+03,2.309456399708624758e+03,2.287231971538774360e+03,2.342128632844677668e+03
3.678757515030059949e+03,2.226039987306657622e+03,2.204769943918884564e+03,2.257382681097420573e+03,2.316364288445724014e+03,2.294231186974918273e+03,2.348978750456559283e+03
3.684569138276553076e+03,2.232680337458541999e+03,2.211496916550077458e+03,2.263967021430851219e+03,2.323274078944684788e+03,2.301231114766467726e+03,2.355830258470026820e+03
3.690380761523046203e+03,2.239322472452048260e+03,2.218224540042091576e+03,2.270552664217273104e+03,2.330185726707405593e+03,2.308231719828313089e+03,2.362683121785112235e+03
3.696192384769538876e+03,2.245966349584633917e+03,2.224952780649331999e+03,2.277139575719427285e+03,2.337099187298633296e+03,2.315232967045591977e+03,2.369537305295626538e+03
3.702004008016032003e+03,2.252611926211819991e+03,2.231681604596226407e+03,2.283727722192912097e+03,2.344014416343538869e+03,2.322234821272245881e+03,2.376392773887946532e+03
3.707815631262525130e+03,2.259259159744877707e+03,2.238410978075826733e+03,2.290317069885018554e+03,2.350931369525302671e+03,2.329237247329569527e+03,2.383249492439806545e+03
3.713627254509017803e+03,2.265908007648560670e+03,2.245140867248489485e+03,2.296907585033608484e+03,2.357850002582757952e+03,2.336240210004832988e+03,2.390107425819127911e+03
3.719438877755510930e+03,2.272558427438854324e+03,2.251871238240552429e+03,2.303499233865989027e+03,2.364770271308050269e+03,2.343243674049909714e+03,2.396966538882849363e+03
3.725250501002004057e+03,2.279210376680783611e+03,2.258602057143045840e+03,2.310091982597810784e+03,2.371692131544353288e+03,2.350247604179931841e+03,2.403826796475779702e+03
3.731062124248496730e+03,2.285863812986224275e+03,2.265333290010435121e+03,2.316685797431986884e+03,2.378615539183592773e+03,2.357251965071983250e+03,2.410688163429475026e+03
3.736873747494989857e+03,2.292518694011781008e+03,2.272064902859395715e+03,2.323280644557617507e+03,2.385540450164237882e+03,2.364256721363823999e+03,2.417550604561115051e+03
3.742685370741482984e+03,2.299174977456656961e+03,2.278796861667588928e+03,2.329876490148938046e+03,2.392466820469085178e+03,2.371261837652617032e+03,2.424414084672414901e+03
3.748496993987976111e+03,2.305832621060588735e+03,2.285529132372485492e+03,2.336473300364274110e+03,2.399394606123109043e+03,2.378267278493703998e+03,2.431278568548532348e+03
3.754308617234468784e+03,2.312491582601785922e+03,2.292261680870198688e+03,2.343071041345016511e+03,2.406323763191318449e+03,2.385273008399392438e+03,2.438144020957003249e+03
3.760120240480961911e+03,2.319151819894917480e+03,2.298994473014350660e+03,2.349669679214611278e+03,2.413254247776660577e+03,2.392278991837772082e+03,2.445010406646690626e+03
3.765931863727455038e+03,2.325813290789118128e+03,2.305727474614944185e+03,2.356269180077552392e+03,2.420186016017947622e+03,2.399285193231545691e+03,2.451877690346737381e+03
3.771743486973948166e+03,2.332475953166011550e+03,2.312460651437261731e+03,2.362869510018397705e+03,2.427119024087798152e+03,2.406291576956878544e+03,2.458745836765540844e+03
3.777555110220440838e+03,2.339139764937789096e+03,2.319193969200795436e+03,2.369470635100798518e+03,2.434053228190638947e+03,2.413298107342290677e+03,2.465614810589743229e+03
3.783366733466933965e+03,2.345804684045280737e+03,2.325927393578177998e+03,2.376072521366527781e+03,2.440988584560698200e+03,2.420304748667540025e+03,2.472484576483219826e+03
3.789178356713427092e+03,2.352470668456086969e+03,2.332660890194149488e+03,2.382675134834534219e+03,2.447925049460059654e+03,2.427311465162546938e+03,2.479355099086098107e+03
3.794989979959919765e+03,2.359137676162695698e+03,2.339394424624511430e+03,2.389278441500000099e+03,2.454862579176704912e+03,2.434318221006309159e+03,2.486226343013771839e+03
3.800801603206412892e+03,2.365805665180660071e+03,2.346127962395146824e+03,2.395882407333417632e+03,2.461801130022617144e+03,2.441324980325880915e+03,2.493098272855945652e+03
3.806613226452906019e+03,2.372474593546776305e+03,2.352861468981001053e+03,2.402486998279662657e+03,2.468740658331883878e+03,2.448331707195311083e+03,2.499970853175665980e+03
3.812424849699398692e+03,2.379144419317298343e+03,2.359594909805119642e+03,2.409092180257090604e+03,2.475681120458839359e+03,2.455338365634641377e+03,2.506844048508383821e+03
3.818236472945891819e+03,2.385815100566166620e+03,2.366328250237682369e+03,2.415697919156635635e+03,2.482622472776225550e+03,2.462344919608906366e+03,2.513717823361016144e+03
3.824048096192384946e+03,2.392486595383264103e+03,2.373061455595055122e+03,2.422304180840929348e+03,2.489564671673367684e+03,2.469351333027139844e+03,2.520592142211029568e+03
3.829859719438877619e+03,2.399158861872687794e+03,2.379794491138853573e+03,2.428910931143407197e+03,2.496507673554386656e+03,2.476357569741405314e+03,2.527466969505508587e+03
3.835671342685370746e+03,2.405831858151047527e+03,2.386527322075027769e+03,2.435518135867458113e+03,2.503451434836422777e+03,2.483363593545841468e+03,2.534342269660272905e+03
3.841482965931863873e+03,2.412505542345785216e+03,2.393259913552943999e+03,2.442125760785540933e+03,2.510395911947886816e+03,2.490369368175706768e+03,2.541218007058957483e+03
3.847294589178356546e+03,2.419179872593503205e+03,2.399992230664498038e+03,2.448733771638353119e+03,2.517341061326723320e+03,2.497374857306458580e+03,2.548094146052145788e+03
3.853106212424849673e+03,2.425854807038331273e+03,2.406724238443226113e+03,2.455342134133968557e+03,2.524286839418707586e+03,2.504380024552825944e+03,2.554970650956474856e+03
3.858917835671342800e+03,2.432530303830295452e+03,2.413455901863430881e+03,2.461950813947008555e+03,2.531233202675751727e+03,2.511384833467900989e+03,2.561847486053772627e+03
3.864729458917835473e+03,2.439206321123705948e+03,2.420187185839316044e+03,2.468559776717812383e+03,2.538180107554227561e+03,2.518389247542237172e+03,2.568724615590191661e+03
3.870541082164328600e+03,2.445882817075583716e+03,2.426918055224144155e+03,2.475168988051614633e+03,2.545127510513324978e+03,2.525393230202977065e+03,2.575602003775358753e+03
3.876352705410821727e+03,2.452559749844074304e+03,2.433648474809379877e+03,2.481778413517732588e+03,2.552075368013403931e+03,2.532396744812953784e+03,2.582479614781520922e+03
3.882164328657314400e+03,2.459237077586902615e+03,2.440378409323862797e+03,2.488388018648751768e+03,2.559023636514388727e+03,2.539399754669837876e+03,2.589357412742709130e+03
3.887975951903807527e+03,2.465914758459830864e+03,2.447107823432985697e+03,2.494997768939732850e+03,2.565972272474160036e+03,2.546402223005277392e+03,2.596235361753901998e+03
3.893787575150300654e+03,2.472592750615141540e+03,2.453836681737875551e+03,2.501607629847412227e+03,2.572921232346978286e+03,2.553404112984044787e+03,2.603113425870201354e+03
3.899599198396793327e+03,2.479271012200130372e+03,2.460564948774584991e+03,2.508217566789413468e+03,2.579870472581913873e+03,2.560405387703200176e+03,2.609991569106009592e+03
3.905410821643286454e+03,2.485949501355612028e+03,2.467292589013292400e+03,2.514827545143472889e+03,2.586819949621293745e+03,2.567406010191257337e+03,2.616869755434219314e+03
3.911222444889779581e+03,2.492628176214457653e+03,2.474019566857507471e+03,2.521437530246649658e+03,2.593769619899179361e+03,2.574405943407352879e+03,2.623747948785400695e+03
3.917034068136272708e+03,2.499306994900116479e+03,2.480745846643296318e+03,2.528047487394561813e+03,2.600719439839827828e+03,2.581405150240446346e+03,2.630626113046999308e+03
3.922845691382765381e+03,2.505985915525188830e+03,2.487471392638485213e+03,2.534657381840623657e+03,2.607669365856206241e+03,2.588403593508486665e+03,2.637504212062541683e+03
3.928657314629258508e+03,2.512664896189979117e+03,2.494196169041905705e+03,2.541267178795279506e+03,2.614619354348487377e+03,2.595401235957629069e+03,2.644382209630846319e+03
3.934468937875751180e+03,2.519343894981086578e+03,2.500920139982610635e+03,2.547876843425250627e+03,2.621569361702583592e+03,2.602398040261418828e+03,2.651260069505228785e+03
3.940280561122244762e+03,2.526022869969991916e+03,2.507643269519135174e+03,2.554486340852783997e+03,2.628519344288674347e+03,2.609393969020022723e+03,2.658137755392730014e+03
3.946092184368737435e+03,2.532701779211672147e+03,2.514365521638721020e+03,2.561095636154907879e+03,2.635469258459765570e+03,2.616388984759419145e+03,2.665015230953335049e+03
3.951903807615230562e+03,2.539380580743217251e+03,2.521086860256579257e+03,2.567704694362684677e+03,2.642419060550250833e+03,2.623383049930636389e+03,2.671892459799199514e+03
3.957715430861723689e+03,2.546059232582460481e+03,2.527807249215140018e+03,2.574313480460479241e+03,2.649368706874486179e+03,2.630376126908966398e+03,2.678769405493885188e+03
3.963527054108216362e+03,2.552737692726620935e+03,2.534526652283317162e+03,2.580921959385221726e+03,2.656318153725375396e+03,2.637368177993201243e+03,2.685646031551596934e+03
3.969338677354709489e+03,2.559415919150964783e+03,2.541245033155768851e+03,2.587530096025681814e+03,2.663267357372979404e+03,2.644359165404865507e+03,2.692522301436421458e+03
3.975150300601202616e+03,2.566093869807464216e+03,2.547962355452165411e+03,2.594137855221737482e+03,2.670216274063120636e+03,2.651349051287455495e+03,2.699398178561571967e+03
3.980961923847695289e+03,2.572771502623475499e+03,2.554678582716460824e+03,2.600745201763656041e+03,2.677164860016007424e+03,2.658337797705672529e+03,2.706273626288637843e+03
3.986773547094188416e+03,2.579448775500431566e+03,2.561393678416172861e+03,2.607352100391375188e+03,2.684113071424869759e+03,2.665325366644688074e+03,2.713148607926836576e+03
3.992585170340681543e+03,2.586125646312535082e+03,2.568107605941659585e+03,2.613958515793784954e+03,2.691060864454605507e+03,2.672311720009376131e+03,2.720023086732266620e+03
3.998396793587174216e+03,2.592802072905464684e+03,2.574820328605398117e+03,2.620564412608013754e+03,2.698008195240429814e+03,2.679296819623574265e+03,2.726897025907165244e+03
4.004208416833667343e+03,2.599478013095098049e+03,2.581531809641277050e+03,2.627169755418729437e+03,2.704955019886547689e+03,2.686280627229338734e+03,2.733770388599178204e+03
4.010020040080160470e+03,2.606153424666228602e+03,2.588242012203878403e+03,2.633774508757415788e+03,2.711901294464818875e+03,2.693263104486207340e+03,2.740643137900612146e+03
4.015831663326653143e+03,2.612828265371309044e+03,2.594950899367766397e+03,2.640378637101677214e+03,2.718846975013451356e+03,2.700244212970445915e+03,2.747515236847706547e+03
4.021643286573146270e+03,2.619502492929199434e+03,2.601658434126788961e+03,2.646982104874542529e+03,2.725792017535693958e+03,2.707223914174333913e+03,2.754386648419910216e+03
4.027454909819639397e+03,2.626176065023902083e+03,2.608364579393361964e+03,2.653584876443750090e+03,2.732736377998526677e+03,2.714202169505414076e+03,2.761257335539139149e+03
4.033266533066132070e+03,2.632848939303342377e+03,2.615069297997771173e+03,2.660186916121061586e+03,2.739680012331387388e+03,2.721178940285763929e+03,2.768127261069061660e+03
4.039078156312625197e+03,2.639521073378126857e+03,2.621772552687468760e+03,2.666788188161570815e+03,2.746622876424880815e+03,2.728154187751267727e+03,2.774996387814378068e+03
4.044889779559118324e+03,2.646192424820322231e+03,2.628474306126374358e+03,2.673388656762994287e+03,2.753564926129508876e+03,2.735127873050888411e+03,2.781864678520082180e+03
4.050701402805610996e+03,2.652862951162237550e+03,2.635174520894168381e+03,2.679988286064995918e+03,2.760506117254401488e+03,2.742099957245932274e+03,2.788732095870760531e+03
4.056513026052104124e+03,2.659532609895220958e+03,2.641873159485612177e+03,2.686587040148486267e+03,2.767446405566066460e+03,2.749070401309337285e+03,2.795598602489866153e+03
4.062324649298597251e+03,2.666201358468451872e+03,2.648570184309824072e+03,2.693184883034943596e+03,2.774385746787131211e+03,2.756039166124927760e+03,2.802464160939000976e+03
4.068136272545089923e+03,2.672869154287747278e+03,2.655265557689608158e+03,2.699781778685714471e+03,2.781324096595101764e+03,2.763006212486707227e+03,2.809328733717200066e+03
4.073947895791583505e+03,2.679535954714382569e+03,2.661959241860739894e+03,2.706377691001343919e+03,2.788261410621134473e+03,2.769971501098123099e+03,2.816192283260229487e+03
4.079759519038076178e+03,2.686201717063890101e+03,2.668651198971282611e+03,2.712972583820876935e+03,2.795197644448787742e+03,2.776934992571350904e+03,2.823054771939858256e+03
4.085571142284568850e+03,2.692866398604901406e+03,2.675341391080884478e+03,2.719566420921184999e+03,2.802132753612815122e+03,2.783896647426559412e+03,2.829916162063160755e+03
4.091382765531062432e+03,2.699529956557972582e+03,2.682029780160089103e+03,2.726159166016278959e+03,2.809066693597944322e+03,2.790856426091202138e+03,2.836776415871799145e+03
4.097194388777555105e+03,2.706192348094407862e+03,2.688716328089630679e+03,2.732750782756625085e+03,2.815999419837653477e+03,2.797814288899278836e+03,2.843635495541311684e+03
4.103006012024047777e+03,2.712853530335116375e+03,2.695400996659753218e+03,2.739341234728475229e+03,2.822930887712978802e+03,2.804770196090623358e+03,2.850493363180420602e+03
4.108817635270541359e+03,2.719513460349456182e+03,2.702083747569502975e+03,2.745930485453178790e+03,2.829861052551315424e+03,2.811724107810175610e+03,2.857349980830306777e+03
4.114629258517034032e+03,2.726172095154064664e+03,2.708764542426032222e+03,2.752518498386496958e+03,2.836789869625198662e+03,2.818675984107249405e+03,2.864205310463903515e+03
4.120440881763526704e+03,2.732829391711743028e+03,2.715443342743907579e+03,2.759105236917939692e+03,2.843717294151142596e+03,2.825625784934819421e+03,2.871059313985207609e+03
4.126252505010020286e+03,2.739485306930303068e+03,2.722120109944416527e+03,2.765690664370074956e+03,2.850643281288439084e+03,2.832573470148792694e+03,2.877911953228554012e+03
4.132064128256512959e+03,2.746139797661423472e+03,2.728794805354846176e+03,2.772274743997851147e+03,2.857567786137973144e+03,2.839518999507265107e+03,2.884763189957915984e+03
4.137875751503006541e+03,2.752792820699536151e+03,2.735467390207813423e+03,2.778857438987927708e+03,2.864490763741056526e+03,2.846462332669818807e+03,2.891612985866206600e+03
4.143687374749499213e+03,2.759444332780689820e+03,2.742137825640544634e+03,2.785438712457985275e+03,2.871412169078248553e+03,2.853403429196775960e+03,2.898461302574560705e+03
4.149498997995991886e+03,2.766094290581419045e+03,2.748806072694173054e+03,2.792018527456054926e+03,2.878331957068183783e+03,2.860342248548465250e+03,2.905308101631638692e+03
4.155310621242484558e+03,2.772742650717641482e+03,2.755472092313048051e+03,2.798596846959838331e+03,2.885250082566416495e+03,2.867278750084505646e+03,2.912153344512916192e+03
4.161122244488978140e+03,2.779389369743529187e+03,2.762135845344015252e+03,2.805173633876023359e+03,2.892166500364251533e+03,2.874212893063056072e+03,2.918996992619974662e+03
4.166933867735470812e+03,2.786034404150399496e+03,2.768797292535715314e+03,2.811748851039616511e+03,2.899081165187586976e+03,2.881144636640084627e+03,2.925839007279805628e+03
4.172745490981964394e+03,2.792677710365604071e+03,2.775456394537878623e+03,2.818322461213249426e+03,2.905994031695761805e+03,2.888073939868635989e+03,2.932679349744088995e+03
4.178557114228457067e+03,2.799319244751417955e+03,2.782113111900604963e+03,2.824894427086507221e+03,2.912905054480395393e+03,2.895000761698081533e+03,2.939517981188495014e+03
4.184368737474949739e+03,2.805958963603949542e+03,2.788767405073661394e+03,2.831464711275250011e+03,2.919814188064259270e+03,2.901925060973391282e+03,2.946354862711973510e+03
4.190180360721442412e+03,2.812596823152021898e+03,2.795419234405761927e+03,2.838033276320924415e+03,2.926721386900106609e+03,2.908846796434376301e+03,2.953189955336047660e+03
4.195991983967935994e+03,2.819232779556075002e+03,2.802068560143841296e+03,2.844600084689881896e+03,2.933626605369532626e+03,2.915765926714945635e+03,2.960023220004092764e+03
4.201803607214428666e+03,2.825866788907083901e+03,2.808715342432355556e+03,2.851165098772703459e+03,2.940529797781851357e+03,2.922682410342365074e+03,2.966854617580643662e+03
4.207615230460922248e+03,2.832498807225446399e+03,2.815359541312536749e+03,2.857728280883505249e+03,2.947430918372932410e+03,2.929596205736491811e+03,2.973684108850663961e+03
4.213426853707414921e+03,2.839128790459895299e+03,2.822001116721684866e+03,2.864289593259259618e+03,2.954329921304076379e+03,2.936507271209032751e+03,2.980511654518845717e+03
4.219238476953907593e+03,2.845756694486408833e+03,2.828640028492428883e+03,2.870848998059107089e+03,2.961226760660872969e+03,2.943415564962775534e+03,2.987337215208889120e+03
4.225050100200400266e+03,2.852382475107118353e+03,2.835276236352007345e+03,2.877406457363669233e+03,2.968121390452073229e+03,2.950321045090844109e+03,2.994160751462792177e+03
4.230861723446893848e+03,2.859006088049222399e+03,2.841909699921527135e+03,2.883961933174356545e+03,2.975013764608451766e+03,2.957223669575919757e+03,3.000982223740125391e+03
4.236673346693386520e+03,2.865627488963890755e+03,2.848540378715219049e+03,2.890515387412682230e+03,2.981903836981669428e+03,2.964123396289474840e+03,3.007801592417318261e+03
4.242484969939880102e+03,2.872246633425190339e+03,2.855168232139719294e+03,2.897066781919571440e+03,2.988791561343156900e+03,2.971020182991020647e+03,3.014618817786948512e+03
4.248296593186372775e+03,2.878863476928988803e+03,2.861793219493305514e+03,2.903616078454655053e+03,2.995676891382972372e+03,2.977913987327311588e+03,3.021433860056994945e+03
4.254108216432865447e+03,2.885477974891872236e+03,2.868415299965163740e+03,2.910163238695598011e+03,3.002559780708674680e+03,2.984804766831585312e+03,3.028246679350148042e+03
4.259919839679359029e+03,2.892090082650069689e+03,2.875034432634634868e+03,2.916708224237378090e+03,3.009440182844206447e+03,2.991692478922776445e+03,3.035057235703053720e+03
4.265731462925851702e+03,2.898699755458353138e+03,2.881650576470453416e+03,2.923250996591603780e+03,3.016318051228746299e+03,2.998577080904726245e+03,3.041865489065606653e+03
4.271543086172344374e+03,2.905306948488968374e+03,2.888263690330007648e+03,2.929791517185804878e+03,3.023193339215599735e+03,3.005458529965410889e+03,3.048671399300212215e+03
4.277354709418837956e+03,2.911911616830547700e+03,2.894873732958559685e+03,2.936329747362739909e+03,3.030066000071064991e+03,3.012336783176129302e+03,3.055474926181063438e+03
4.283166332665330629e+03,2.918513715487018999e+03,2.901480662988491986e+03,2.942865648379673985e+03,3.036935986973298895e+03,3.019211797490725530e+03,3.062276029393391582e+03
4.288977955911823301e+03,2.925113199376536159e+03,2.908084438938543371e+03,2.949399181407692595e+03,3.043803253011204561e+03,3.026083529744782027e+03,3.069074668532751275e+03
4.294789579158316883e+03,2.931710023330384956e+03,2.914685019213023224e+03,2.955930307530980826e+03,3.050667751183290875e+03,3.032951936654814290e+03,3.075870803104271090e+03
4.300601202404809555e+03,2.938304142091893937e+03,2.921282362101040690e+03,2.962458987746111688e+03,3.057529434396542911e+03,3.039816974817459595e+03,3.082664392521910941e+03
4.306412825651303137e+03,2.944895510315367574e+03,2.927876425775727967e+03,2.968985182961336704e+03,3.064388255465306884e+03,3.046678600708674367e+03,3.089455396107728575e+03
4.312224448897795810e+03,2.951484082564988057e+03,2.934467168293452687e+03,2.975508853995872869e+03,3.071244167110151920e+03,3.053536770682911992e+03,3.096243773091131516e+03
4.318036072144288482e+03,2.958069813313734358e+03,2.941054547593025291e+03,2.982029961579177780e+03,3.078097121956740921e+03,3.060391440972297460e+03,3.103029482608128092e+03
4.323847695390781155e+03,2.964652656942283556e+03,2.947638521494904580e+03,2.988548466350231593e+03,3.084947072534692325e+03,3.067242567685804715e+03,3.109812483700574376e+03
4.329659318637274737e+03,2.971232567737945828e+03,2.954219047700407828e+03,2.995064328856814882e+03,3.091793971276466891e+03,3.074090106808429937e+03,3.116592735315431582e+03
4.335470941883767409e+03,2.977809499893545308e+03,2.960796083790897683e+03,3.001577509554779226e+03,3.098637770516206729e+03,3.080934014200346155e+03,3.123370196303997545e+03
4.341282565130260991e+03,2.984383407506355979e+03,2.967369587226977728e+03,3.008087968807319612e+03,3.105478422488627530e+03,3.087774245596069250e+03,3.130144825421155474e+03
4.347094188376753664e+03,2.990954244576993915e+03,2.973939515347676206e+03,3.014595666884242291e+03,3.112315879327863058e+03,3.094610756603607115e+03,3.136916581324610434e+03
4.352905811623246336e+03,2.997521965008331335e+03,2.980505825369642480e+03,3.021100563961236730e+03,3.119150093066338286e+03,3.101443502703622016e+03,3.143685422574131735e+03
4.358717434869739009e+03,3.004086522604391575e+03,2.987068474386299386e+03,3.027602620119123458e+03,3.125981015633617062e+03,3.108272439248548835e+03,3.150451307630769406e+03
4.364529058116232591e+03,3.010647871069263601e+03,2.993627419367041966e+03,3.034101795343127378e+03,3.132808598855276159e+03,3.115097521461764700e+03,3.157214194856101130e+03
4.370340681362725263e+03,3.017205964005986061e+03,3.000182617156380275e+03,3.040598049522119709e+03,3.139632794451740665e+03,3.121918704436690405e+03,3.163974042511440075e+03
4.376152304609218845e+03,3.023760754915469988e+03,3.006734024473119916e+03,3.047091342447889474e+03,3.146453554037163940e+03,3.128735943135945945e+03,3.170730808757076375e+03
4.381963927855711518e+03,3.030312197195362387e+03,3.013281597909506218e+03,3.053581633814372708e+03,3.153270829118245274e+03,3.135549192390453754e+03,3.177484451651478594e+03
4.387775551102204190e+03,3.036860244138965299e+03,3.019825293930380667e+03,3.060068883216909853e+03,3.160084571093105296e+03,3.142358406898561952e+03,3.184234929150518838e+03
4.393587174348696863e+03,3.043404848934125312e+03,3.026365068872322354e+03,3.066553050151492243e+03,3.166894731250130008e+03,3.149163541225153494e+03,3.190982199106688768e+03
4.399398797595190445e+03,3.049945964662103961e+03,3.032900878942793042e+03,3.073034094013987215e+03,3.173701260766795258e+03,3.155964549800754412e+03,3.197726219268293335e+03
4.405210420841683117e+03,3.056483544296480886e+03,3.039432680219260874e+03,3.079511974099386407e+03,3.180504110708526696e+03,3.162761386920621590e+03,3.204466947278668613e+03
4.411022044088176699e+03,3.063017540702027873e+03,3.045960428648346351e+03,3.085986649601036788e+03,3.187303232027526519e+03,3.169554006743856007e+03,3.211204340675380990e+03
4.416833667334669371e+03,3.069547906633588809e+03,3.052484080044916936e+03,3.092458079609853030e+03,3.194098575561607049e+03,3.176342363292458685e+03,3.217938356889408624e+03
4.422645290581162044e+03,3.076074594734956008e+03,3.059003590091227579e+03,3.098926223113564447e+03,3.200890092033027031e+03,3.183126410450438925e+03,3.224668953244358818e+03
4.428456913827655626e+03,3.082597557537750163e+03,3.065518914336023954e+03,3.105391038995925101e+03,3.207677732047316567e+03,3.189906101962876164e+03,3.231396086955643113e+03
4.434268537074148298e+03,3.089116747460276656e+03,3.072030008193636604e+03,3.111852486035922539e+03,3.214461446092097503e+03,3.196681391434985471e+03,3.238119715129655106e+03
4.440080160320640971e+03,3.095632116806407794e+03,3.078536826943090091e+03,3.118310522907004270e+03,3.221241184535911088e+03,3.203452232331180767e+03,3.244839794762968268e+03
4.445891783567134553e+03,3.102143617764425926e+03,3.085039325727189407e+03,3.124765108176281501e+03,3.228016897627023354e+03,3.210218577974132586e+03,3.251556282741502400e+03
4.451703406813627225e+03,3.108651202405897493e+03,3.091537459551597749e+03,3.131216200303723781e+03,3.234788535492245046e+03,3.216980381543804469e+03,3.258269135839690080e+03
4.457515030060119898e+03,3.115154822684524333e+03,3.098031183283932478e+03,3.137663757641375469e+03,3.241556048135740639e+03,3.223737596076509362e+03,3.264978310719659021e+03
4.463326653306613480e+03,3.121654430434988626e+03,3.104520451652816973e+03,3.144107738432541282e+03,3.248319385437823712e+03,3.230490174463932362e+03,3.271683763930382156e+03
4.469138276553106152e+03,3.128149977371800105e+03,3.111005219246954766e+03,3.150548100810975939e+03,3.255078497153762783e+03,3.237238069452155287e+03,3.278385451906843628e+03
4.474949899799599734e+03,3.134641415088145095e+03,3.117485440514188667e+03,3.156984802800081525e+03,3.261833332912578044e+03,3.243981233640687606e+03,3.285083330969192957e+03
4.480761523046092407e+03,3.141128695054718719e+03,3.123961069760548071e+03,3.163417802312078493e+03,3.268583842215827644e+03,3.250719619481469636e+03,3.291777357321885574e+03
4.486573146292585079e+03,3.147611768618556653e+03,3.130432061149293986e+03,3.169847057147188934e+03,3.275329974436394878e+03,3.257453179277880736e+03,3.298467487052836987e+03
4.492384769539077752e+03,3.154090587001865515e+03,3.136898368699955427e+03,3.176272524992814851e+03,3.282071678817268094e+03,3.264181865183734317e+03,3.305153676132562850e+03
4.498196392785571334e+03,3.160565101300845981e+03,3.143359946287359890e+03,3.182694163422692782e+03,3.288808904470314246e+03,3.270905629202275577e+03,3.311835880413303585e+03
4.504008016032064006e+03,3.167035262484509985e+03,3.149816747640654285e+03,3.189111929896072979e+03,3.295541600375054259e+03,3.277624423185152409e+03,3.318514055628165352e+03
4.509819639278557588e+03,3.173501021393499741e+03,3.156268726342324953e+03,3.195525781756869947e+03,3.302269715377428838e+03,3.284338198831404043e+03,3.325188157390239667e+03
4.515631262525050261e+03,3.179962328738883571e+03,3.162715835827194041e+03,3.201935676232813421e+03,3.308993198188547467e+03,3.291046907686414215e+03,3.331858141191718914e+03
4.521442885771542933e+03,3.186419135100973563e+03,3.169158029381431788e+03,3.208341570434604364e+03,3.315711997383457856e+03,3.297750501140882079e+03,3.338523962403018686e+03
4.527254509018035606e+03,3.192871390928116398e+03,3.175595260141542894e+03,3.214743421355055034e+03,3.322426061399888113e+03,3.304448930429767188e+03,3.345185576271881473e+03
4.533066132264529188e+03,3.199319046535487814e+03,3.182027481093351980e+03,3.221141185868231332e+03,3.329135338536989366e+03,3.311142146631237665e+03,3.351842937922486271e+03
4.538877755511021860e+03,3.205762052103864335e+03,3.188454645070973584e+03,3.227534820728574687e+03,3.335839776954065655e+03,3.317830100665595182e+03,3.358496002354531356e+03
4.544689378757515442e+03,3.212200357678428190e+03,3.194876704755795345e+03,3.233924282570046216e+03,3.342539324669316557e+03,3.324512743294214488e+03,3.365144724442349343e+03
4.550501002004008114e+03,3.218633913167523588e+03,3.201293612675428903e+03,3.240309527905238610e+03,3.349233929558560703e+03,3.331190025118459289e+03,3.371789058933976776e+03
4.556312625250500787e+03,3.225062668341427980e+03,3.207705321202655796e+03,3.246690513124492554e+03,3.355923539353939759e+03,3.337861896578576761e+03,3.378428960450239629e+03
4.562124248496993459e+03,3.231486572831127432e+03,3.214111782554390174e+03,3.253067194495013609e+03,3.362608101642656948e+03,3.344528307952623891e+03,3.385064383483832898e+03
4.567935871743487041e+03,3.237905576127054246e+03,3.220512948790599239e+03,3.259439528159979545e+03,3.369287563865656466e+03,3.351189209355342882e+03,3.391695282398387008e+03
4.573747494989979714e+03,3.244319627577843676e+03,3.226908771813232761e+03,3.265807470137627661e+03,3.375961873316331548e+03,3.357844550737045665e+03,3.398321611427527841e+03
4.579559118236473296e+03,3.250728676389083375e+03,3.233299203365148514e+03,3.272170976320369391e+03,3.382630977139225251e+03,3.364494281882497035e+03,3.404943324673946790e+03
4.585370741482965968e+03,3.257132671622037378e+03,3.239684195029015882e+03,3.278530002473855802e+03,3.389294822328699865e+03,3.371138352409775962e+03,3.411560376108431683e+03
4.591182364729458641e+03,3.263531562192382808e+03,3.246063698226220367e+03,3.284884504236077191e+03,3.395953355727623148e+03,3.377776711769126905e+03,3.418172719568930461e+03
4.596993987975952223e+03,3.269925296868936584e+03,3.252437664215757195e+03,3.291234437116435856e+03,3.402606524026044099e+03,3.384409309241824303e+03,3.424780308759583932e+03
4.602805611222444895e+03,3.276313824272351667e+03,3.258806044093107630e+03,3.297579756494811136e+03,3.409254273759836451e+03,3.391036093938983868e+03,3.431383097249755792e+03
4.608617234468937568e+03,3.282697092873857855e+03,3.265168788789128484e+03,3.303920417620630815e+03,3.415896551309384904e+03,3.397657014800424804e+03,3.437981038473064473e+03
4.614428857715431150e+03,3.289075050993926197e+03,3.271525849068896605e+03,3.310256375611918429e+03,3.422533302898202237e+03,3.404272020593456546e+03,3.444574085726393150e+03
4.620240480961923822e+03,3.295447646800983875e+03,3.277877175530581098e+03,3.316587585454356031e+03,3.429164474591585986e+03,3.410881059911705961e+03,3.451162192168910678e+03
4.626052104208416495e+03,3.301814828310099074e+03,3.284222718604284182e+03,3.322914002000325127e+03,3.435790012295251472e+03,3.417484081173917730e+03,3.457745310821080693e+03
4.631863727454910077e+03,3.308176543381646752e+03,3.290562428550878849e+03,3.329235579967941248e+03,3.442409861753944369e+03,3.424081032622738803e+03,3.464323394563650709e+03
4.637675350701402749e+03,3.314532739719986694e+03,3.296896255460830616e+03,3.335552273940092618e+03,3.449023968550063728e+03,3.430671862323493770e+03,3.470896396136652584e+03
4.643486973947896331e+03,3.320883364872127913e+03,3.303224149253025644e+03,3.341864038363454256e+03,3.455632278102275905e+03,3.437256518162965676e+03,3.477464268138380703e+03
4.649298597194389004e+03,3.327228366226372600e+03,3.309546059673568834e+03,3.348170827547523004e+03,3.462234735664098935e+03,3.443834947848148204e+03,3.484026963024382439e+03
4.655110220440881676e+03,3.333567691010972339e+03,3.315861936294586940e+03,3.354472595663612992e+03,3.468831286322504184e+03,3.450407098904992381e+03,3.490584433106416327e+03
4.660921843687374349e+03,3.339901286292758869e+03,3.322171728513016660e+03,3.360769296743875202e+03,3.475421874996496626e+03,3.456972918677155576e+03,3.497136630551433882e+03
4.666733466933867930e+03,3.346229098975767101e+03,3.328475385549375460e+03,3.367060884680275649e+03,3.482006446435678299e+03,3.463532354324713651e+03,3.503683507380510036e+03
4.672545090180360603e+03,3.352551075799869068e+03,3.334772856446531478e+03,3.373347313223604488e+03,3.488584945218824032e+03,3.470085352822889490e+03,3.510225015467815865e+03
4.678356713426854185e+03,3.358867163339361014e+03,3.341064090068467067e+03,3.379628535982449193e+03,3.495157315752418526e+03,3.476631860960756512e+03,3.516761106539550383e+03
4.684168336673346857e+03,3.365177308001595520e+03,3.347349035099014600e+03,3.385904506422171380e+03,3.501723502269225719e+03,3.483171825339931274e+03,3.523291732172876891e+03
4.689979959919839530e+03,3.371481456025547232e+03,3.353627640040593178e+03,3.392175177863876343e+03,3.508283448826800850e+03,3.489705192373256523e+03,3.529816843794844772e+03
4.695791583166332202e+03,3.377779553480408140e+03,3.359899853212944890e+03,3.398440503483377142e+03,3.514837099306027540e+03,3.496231908283482881e+03,3.536336392681321286e+03
4.701603206412825784e+03,3.384071546264162862e+03,3.366165622751828778e+03,3.404700436310142777e+03,3.521384397409635312e+03,3.502751919101914154e+03,3.542850329955886536e+03
4.707414829659318457e+03,3.390357380102137995e+03,3.372424896607736173e+03,3.410954929226240893e+03,3.527925286660688926e+03,3.509265170667070834e+03,3.549358606588740713e+03
4.713226452905812039e+03,3.396637000545576939e+03,3.378677622544579663e+03,3.417203934965288681e+03,3.534459710401107259e+03,3.515771608623320844e+03,3.555861173395609057e+03
4.719038076152304711e+03,3.402910352970169242e+03,3.384923748138371138e+03,3.423447406111367854e+03,3.540987611790129449e+03,3.522271178419508942e+03,3.562357981036615456e+03
4.724849699398797384e+03,3.409177382574589501e+03,3.391163220775892114e+03,3.429685295097958715e+03,3.547508933802801948e+03,3.528763825307570642e+03,3.568848980015168308e+03
4.730661322645290056e+03,3.415438034379020792e+03,3.397395987653343582e+03,3.435917554206841942e+03,3.554023619228432835e+03,3.535249494341128866e+03,3.575334120676826387e+03
4.736472945891783638e+03,3.421692253223672196e+03,3.403621995775004052e+03,3.442144135567018111e+03,3.560531610669054317e+03,3.541728130374094690e+03,3.581813353208163335e+03
4.742284569138276311e+03,3.427939983767267677e+03,3.409841191951843484e+03,3.448364991153590381e+03,3.567032850537852937e+03,3.548199678059228063e+03,3.588286627635613968e+03
4.748096192384769893e+03,3.434181170485563143e+03,3.416053522800164046e+03,3.454580072786666733e+03,3.573527281057617074e+03,3.554664081846722638e+03,3.594753893824327406e+03
4.753907815631262565e+03,3.440415757669800769e+03,3.422258934740195855e+03,3.460789332130234470e+03,3.580014844259140318e+03,3.561121285982742847e+03,3.601215101476998825e+03
4.759719438877755238e+03,3.446643689425198772e+03,3.428457373994691807e+03,3.466992720691031082e+03,3.586495481979640772e+03,3.567571234507965983e+03,3.607670200132691207e+03
4.765531062124248820e+03,3.452864909669398912e+03,3.434648786587529230e+03,3.473190189817406917e+03,3.592969135861149425e+03,3.574013871256118819e+03,3.614119139165656179e+03
4.771342685370741492e+03,3.459079362130924892e+03,3.440833118342253783e+03,3.479381690698186958e+03,3.599435747348905352e+03,3.580449139852474218e+03,3.620561867784144397e+03
4.777154308617234165e+03,3.465286990347610754e+03,3.447010314880662918e+03,3.485567174361508023e+03,3.605895257689721802e+03,3.586876983712365927e+03,3.626998335029198643e+03
4.782965931863727747e+03,3.471487737665029726e+03,3.453180321621338862e+03,3.491746591673664170e+03,3.612347607930350023e+03,3.593297346039666991e+03,3.633428489773453748e+03
4.788777555110220419e+03,3.477681547234903064e+03,3.459343083778180699e+03,3.497919893337920257e+03,3.618792738915820792e+03,3.599710169825265439e+03,3.639852280719898772e+03
4.794589178356713091e+03,3.483868362013506157e+03,3.465498546358928252e+03,3.504087029893348699e+03,3.625230591287791867e+03,3.606115397845521784e+03,3.646269656400669191e+03
4.800400801603206673e+03,3.490048124760056908e+03,3.471646654163665971e+03,3.510247951713624843e+03,3.631661105482866333e+03,3.612512972660716059e+03,3.652680565175789525e+03
4.806212424849699346e+03,3.496220778035081366e+03,3.477787351783315444e+03,3.516402609005826434e+03,3.638084221730890931e+03,3.618902836613479849e+03,3.659084955231929598e+03
4.812024048096192928e+03,3.502386264198803019e+03,3.483920583598117446e+03,3.522550951809238995e+03,3.644499880053288052e+03,3.625284931827211949e+03,3.665482774581158537e+03
4.817835671342685600e+03,3.508544525409459766e+03,3.490046293776089897e+03,3.528692929994114820e+03,3.650908020261293132e+03,3.631659200204480840e+03,3.671873971059652376e+03
4.823647294589178273e+03,3.514695503621672742e+03,3.496164426271481716e+03,3.534828493260459254e+03,3.657308581954264810e+03,3.638025583425408968e+03,3.678258492326430314e+03
4.829458917835670945e+03,3.520839140584757843e+03,3.502274924823213496e+03,3.540957591136789233e+03,3.663701504517925514e+03,3.644384022946055211e+03,3.684636285862070508e+03
4.835270541082164527e+03,3.526975377841035879e+03,3.508377732953298619e+03,3.547080172978875908e+03,3.670086727122606135e+03,3.650734459996770966e+03,3.691007298967389033e+03
4.841082164328657200e+03,3.533104156724135464e+03,3.514472793965241181e+03,3.553196187968491813e+03,3.676464188721473420e+03,3.657076835580528041e+03,3.697371478762149309e+03
4.846893787575150782e+03,3.539225418357280887e+03,3.520560050942449379e+03,3.559305585112144399e+03,3.682833828048756004e+03,3.663411090471275656e+03,3.703728772183734691e+03
4.852705410821643454e+03,3.545339103651558162e+03,3.526639446746589329e+03,3.565408313239786821e+03,3.689195583617932698e+03,3.669737165212221498e+03,3.710079125985808787e+03
4.858517034068136127e+03,3.551445153304174255e+03,3.532710924015974342e+03,3.571504321003537825e+03,3.695549393719929412e+03,3.676055000114158702e+03,3.716422486736990322e+03
4.864328657314628799e+03,3.557543507796705399e+03,3.538774425163884644e+03,3.577593556876368893e+03,3.701895196421287437e+03,3.682364535253715076e+03,3.722758800819476619e+03
4.870140280561122381e+03,3.563634107393315389e+03,3.544829892376926637e+03,3.583675969150806850e+03,3.708232929562315803e+03,3.688665710471647799e+03,3.729088014427700728e+03
4.875951903807615054e+03,3.569716892138976164e+03,3.550877267613333515e+03,3.589751505937595084e+03,3.714562530755238640e+03,3.694958465371074453e+03,3.735410073566935807e+03
4.881763527054108636e+03,3.575791801857675637e+03,3.556916492601276332e+03,3.595820115164379331e+03,3.720883937382330714e+03,3.701242739315715426e+03,3.741724924051927246e+03
4.887575150300601308e+03,3.581858776150585072e+03,3.562947508837137320e+03,3.601881744574336153e+03,3.727197086594000211e+03,3.707518471428095836e+03,3.748032511505469301e+03
4.893386773547093981e+03,3.587917754394236908e+03,3.568970257583791408e+03,3.607936341724850536e+03,3.733501915306914270e+03,3.713785600587761564e+03,3.754332781357020394e+03
4.899198396793586653e+03,3.593968675738687580e+03,3.574984679868855892e+03,3.613983853986118447e+03,3.739798360202065396e+03,3.720044065429452530e+03,3.760625678841259742e+03
4.905010020040080235e+03,3.600011479105648959e+03,3.580990716482925563e+03,3.620024228539785327e+03,3.746086357722839693e+03,3.726293804341268697e+03,3.766911148996663542e+03
4.910821643286572908e+03,3.606046103186595246e+03,3.586988307977787827e+03,3.626057412377546825e+03,3.752365844073042808e+03,3.732534755462813337e+03,3.773189136664048874e+03
4.916633266533066490e+03,3.612072486440902139e+03,3.592977394664633721e+03,3.632083352299754097e+03,3.758636755214964069e+03,3.738766856683331753e+03,3.779459586485127602e+03
4.922444889779559162e+03,3.618090567093906884e+03,3.598957916612238932e+03,3.638101994913989984e+03,3.764899026867358316e+03,3.744990045639814980e+03,3.785722442901018894e+03
4.928256513026051834e+03,3.624100283135008794e+03,3.604929813645134800e+03,3.644113286633653843e+03,3.771152594503468663e+03,3.751204259715102580e+03,3.791977650150779937e+03
4.934068136272545416e+03,3.630101572315702469e+03,3.610893025341760676e+03,3.650117173676516359e+03,3.777397393348979222e+03,3.757409436035955878e+03,3.798225152269901173e+03
4.939879759519038089e+03,3.636094372147631930e+03,3.616847491032583093e+03,3.656113602063262078e+03,3.783633358379994661e+03,3.763605511471098453e+03,3.804464893088793360e+03
4.945691382765530761e+03,3.642078619900615649e+03,3.622793149798233117e+03,3.662102517616043315e+03,3.789860424320977927e+03,3.769792422629284374e+03,3.810696816231270532e+03
4.951503006012024343e+03,3.648054252600647487e+03,3.628729940467585493e+03,3.668083865956983573e+03,3.796078525642674776e+03,3.775970105857295039e+03,3.816920865113012496e+03
4.957314629258517016e+03,3.654021207027885339e+03,3.634657801615852350e+03,3.674057592506709625e+03,3.802287596560021939e+03,3.782138497237956472e+03,3.823136982940018243e+03
4.963126252505009688e+03,3.659979419714625237e+03,3.640576671562620959e+03,3.680023642482829928e+03,3.808487571030034815e+03,3.788297532588097511e+03,3.829345112707035696e+03
4.968937875751502361e+03,3.665928826943252716e+03,3.646486488369915605e+03,3.685981960898433499e+03,3.814678382749677894e+03,3.794447147456533003e+03,3.835545197195990113e+03
4.974749498997995943e+03,3.671869364744173254e+03,3.652387189840216251e+03,3.691932492560551054e+03,3.820859965153713347e+03,3.800587277122002433e+03,3.841737178974390645e+03
4.980561122244489525e+03,3.677800968893738172e+03,3.658278713514449009e+03,3.697875182068625236e+03,3.827032251412539154e+03,3.806717856591079453e+03,3.847921000393735540e+03
4.986372745490982197e+03,3.683723574912134154e+03,3.664160996669979795e+03,3.703809973812946282e+03,3.833195174429994040e+03,3.812838820596080950e+03,3.854096603587880963e+03
4.992184368737474870e+03,3.689637118061256842e+03,3.670033976318575242e+03,3.709736811973078602e+03,3.839348666841144222e+03,3.818950103592948381e+03,3.860263930471411186e+03
4.997995991983967542e+03,3.695541533342582625e+03,3.675897589204341784e+03,3.715655640516297353e+03,3.845492661010073789e+03,3.825051639759104546e+03,3.866422922738002399e+03
5.003807615230461124e+03,3.701436755495004945e+03,3.681751771801662926e+03,3.721566403195967268e+03,3.851627089027625516e+03,3.831143362991300364e+03,3.872573521858743788e+03
5.009619238476953797e+03,3.707322718992644241e+03,3.687596460313081025e+03,3.727469043549947855e+03,3.857751882709128040e+03,3.837225206903421622e+03,3.878715669080475891e+03
5.015430861723447379e+03,3.713199358042657423e+03,3.693431590667185901e+03,3.733363504898958581e+03,3.863866973592111208e+03,3.843297104824279813e+03,3.884849305424084832e+03
5.021242484969940051e+03,3.719066606583005978e+03,3.699257098516482529e+03,3.739249730344941327e+03,3.869972292933990502e+03,3.849358989795402067e+03,3.890974371682806122e+03
5.027054108216432724e+03,3.724924398280229980e+03,3.705072919235232348e+03,3.745127662769409653e+03,3.876067771709742374e+03,3.855410794568780602e+03,3.897090808420499798e+03
5.032865731462925396e+03,3.730772666527183901e+03,3.710878987917252744e+03,3.750997244831776698e+03,3.882153340609556381e+03,3.861452451604585804e+03,3.903198555969912832e+03
5.038677354709418978e+03,3.736611344440732864e+03,3.716675239373731529e+03,3.756858418967658963e+03,3.888228930036431393e+03,3.867483893068888847e+03,3.909297554430917444e+03
5.044488977955911650e+03,3.742440364859472538e+03,3.722461608130983677e+03,3.762711127387191482e+03,3.894294470103807271e+03,3.873505050831330664e+03,3.915387743668754865e+03
5.050300601202405232e+03,3.748259660341389008e+03,3.728238028428220332e+03,3.768555312073299774e+03,3.900349890633128325e+03,3.879515856462797274e+03,3.921469063312236358e+03
5.056112224448897905e+03,3.754069163161517281e+03,3.734004434215265064e+03,3.774390914779975446e+03,3.906395121151403600e+03,3.885516241233045548e+03,3.927541452751950146e+03
5.061923847695390577e+03,3.759868805309564323e+03,3.739760759150268768e+03,3.780217877030529507e+03,3.912430090888742598e+03,3.891506136108322607e+03,3.933604851138442882e+03
5.067735470941883250e+03,3.765658518487514357e+03,3.745506936597367257e+03,3.786036140115817943e+03,3.918454728775851436e+03,3.897485471748935652e+03,3.939659197380377009e+03
5.073547094188376832e+03,3.771438234107225071e+03,3.751242899624380698e+03,3.791845645092474115e+03,3.924468963441541291e+03,3.903454178506847711e+03,3.945704430142684487e+03
5.079358717434870414e+03,3.777207883287972891e+03,3.756968581000415725e+03,3.797646332781102046e+03,3.930472723210166350e+03,3.909412186423188814e+03,3.951740487844695508e+03
5.085170340681363086e+03,3.782967396853995069e+03,3.762683913193481203e+03,3.803438143764472898e+03,3.936465936099074952e+03,3.915359425225775794e+03,3.957767308658250386e+03
5.090981963927855759e+03,3.788716705332014499e+03,3.768388828368085342e+03,3.809221018385685966e+03,3.942448529816026621e+03,3.921295824326609363e+03,3.963784830505800073e+03
5.096793587174348431e+03,3.794455738948703129e+03,3.774083258382791428e+03,3.814994896746324230e+03,3.948420431756553626e+03,3.927221312819327522e+03,3.969792991058475309e+03
5.102605210420841104e+03,3.800184427628171761e+03,3.779767134787750820e+03,3.820759718704598072e+03,3.954381569001351636e+03,3.933135819476648976e+03,3.975791727734157575e+03
5.108416833667334686e+03,3.805902700989397545e+03,3.785440388822216391e+03,3.826515423873448526e+03,3.960331868313602627e+03,3.939039272747771520e+03,3.981780977695511410e+03
5.114228456913828268e+03,3.811610488343631005e+03,3.791102951412027323e+03,3.832261951618658713e+03,3.966271256136274133e+03,3.944931600755769068e+03,3.987760677848010801e+03
5.120040080160320940e+03,3.817307718691807622e+03,3.796754753167067520e+03,3.837999241056932078e+03,3.972199658589426690e+03,3.950812731294932746e+03,3.993730764837945571e+03
5.125851703406813613e+03,3.822994320721888016e+03,3.802395724378695832e+03,3.843727231053956530e+03,3.978117001467449427e+03,3.956682591828109707e+03,3.999691175050402762e+03
5.131663326653306285e+03,3.828670222806206766e+03,3.808025795017158543e+03,3.849445860222454030e+03,3.984023210236293835e+03,3.962541109484004210e+03,4.005641844607242092e+03
5.137474949899798958e+03,3.834335352998775306e+03,3.813644894728965482e+03,3.855155066920201079e+03,3.989918210030676619e+03,3.968388211054445037e+03,4.011582709365029586e+03
5.143286573146292540e+03,3.839989639032574360e+03,3.819252952834229291e+03,3.860854789248044654e+03,3.995801925651256624e+03,3.974223822991622455e+03,4.017513704912978938e+03
5.149098196392786122e+03,3.845633008316808628e+03,3.824849898324008791e+03,3.866544965047884943e+03,4.001674281561774933e+03,3.980047871405321075e+03,4.023434766570849661e+03
5.154909819639278794e+03,3.851265387934121463e+03,3.830435659857583232e+03,3.872225531900644000e+03,4.007535201886166305e+03,3.985860282060082682e+03,4.029345829386832520e+03
5.160721442885771467e+03,3.856886704637811363e+03,3.836010165759739266e+03,3.877896427124229831e+03,4.013384610405652893e+03,3.991660980372384529e+03,4.035246828135433589e+03
5.166533066132264139e+03,3.862496884848999798e+03,3.841573344017992440e+03,3.883557587771451381e+03,4.019222430555805204e+03,3.997449891407744417e+03,4.041137697315302376e+03
5.172344689378757721e+03,3.868095854653773586e+03,3.847125122279797324e+03,3.889208950627938520e+03,4.025048585423559416e+03,4.003226939877828954e+03,4.047018371147064954e+03
5.178156312625250393e+03,3.873683539800294056e+03,3.852665427849740354e+03,3.894850452210021103e+03,4.030862997744220138e+03,4.008992050137514070e+03,4.052888783571129352e+03
5.183967935871743975e+03,3.879259865695886674e+03,3.858194187686667192e+03,3.900482028762618938e+03,4.036665589898422695e+03,4.014745146181914606e+03,4.058748868245469566e+03
5.189779559118236648e+03,3.884824757404099728e+03,3.863711328400817365e+03,3.906103616257068552e+03,4.042456283909077229e+03,4.020486151643387984e+03,4.064598558543383660e+03
5.195591182364729320e+03,3.890378139641710277e+03,3.869216776250898420e+03,3.911715150388964958e+03,4.048235001438249583e+03,4.026214989788499679e+03,4.070437787551235488e+03
5.201402805611221993e+03,3.895919936775751921e+03,3.874710457141154620e+03,3.917316566575969773e+03,4.054001663784075845e+03,4.031931583514970043e+03,4.076266488066179136e+03
5.207214428857715575e+03,3.901450072820431615e+03,3.880192296618382898e+03,3.922907799955579776e+03,4.059756191877545461e+03,4.037635855348561563e+03,4.082084592593836533e+03
5.213026052104208247e+03,3.906968471434096955e+03,3.885662219868911961e+03,3.928488785382906372e+03,4.065498506279348931e+03,4.043327727439950650e+03,4.087892033345983691e+03
5.218837675350701829e+03,3.912475055916121164e+03,3.891120151715600059e+03,3.934059457428418682e+03,4.071228527176639091e+03,4.049007121561587155e+03,4.093688742238208761e+03
5.224649298597194502e+03,3.917969749203761694e+03,3.896566016614711771e+03,3.939619750375640251e+03,4.076946174379757849e+03,4.054673959104458390e+03,4.099474650887505959e+03
5.230460921843687174e+03,3.923452473869002915e+03,3.901999738652848919e+03,3.945169598218868487e+03,4.082651367318951543e+03,4.060328161074886339e+03,4.105249690609913159e+03
5.236272545090179847e+03,3.928923152115351968e+03,3.907421241543788710e+03,3.950708934660839986e+03,4.088344025041040823e+03,4.065969648091242107e+03,4.111013792418071716e+03
5.242084168336673429e+03,3.934381705774604143e+03,3.912830448625319150e+03,3.956237693110373129e+03,4.094024066206048701e+03,4.071598340380649915e+03,4.116766887018783564e+03
5.247895791583167011e+03,3.939828056303572339e+03,3.918227282856014426e+03,3.961755806680002934e+03,4.099691409083803592e+03,4.077214157775631975e+03,4.122508904810541026e+03
5.253707414829659683e+03,3.945262124780784234e+03,3.923611666812010299e+03,3.967263208183575443e+03,4.105345971550495960e+03,4.082817019710757904e+03,4.128239775881030255e+03
5.259519038076152356e+03,3.950683831903134887e+03,3.928983522683693991e+03,3.972759830133829837e+03,4.110987671085203147e+03,4.088406845219194111e+03,4.133959430004611022e+03
5.265330661322645028e+03,3.956093097982538893e+03,3.934342772272419552e+03,3.978245604739959163e+03,4.116616424766393720e+03,4.093983552929287725e+03,4.139667796639783774e+03
5.271142284569137701e+03,3.961489842942474297e+03,3.939689336987119532e+03,3.983720463905118777e+03,4.122232149268346802e+03,4.099547061061044587e+03,4.145364804926588477e+03
5.276953907815631283e+03,3.966873986314577451e+03,3.945023137840941217e+03,3.989184339223950701e+03,4.127834760857592300e+03,4.105097287422621775e+03,4.151050383684037115e+03
5.282765531062124865e+03,3.972245447235121446e+03,3.950344095447794189e+03,3.994637161980052042e+03,4.133424175389262928e+03,4.110634149406741017e+03,4.156724461407475246e+03
5.288577154308617537e+03,3.977604144441519566e+03,3.955652130018897878e+03,4.000078863143418857e+03,4.139000308303439851e+03,4.116157563987095273e+03,4.162386966265919909e+03
5.294388777555110210e+03,3.982949996268743689e+03,3.960947161359257279e+03,4.005509373367892294e+03,4.144563074621437408e+03,4.121667447714677110e+03,4.168037826099407539e+03
5.300200400801602882e+03,3.988282920645740887e+03,3.966229108864140926e+03,4.010928622988540155e+03,4.150112388942067810e+03,4.127163716714121620e+03,4.173676968416267300e+03
5.306012024048095554e+03,3.993602835091774978e+03,3.971497891515468837e+03,4.016336542019036642e+03,4.155648165437840362e+03,4.132646286679940204e+03,4.179304320390389876e+03
5.311823647294589136e+03,3.998909656712751257e+03,3.976753427878203638e+03,4.021733060149005723e+03,4.161170317851127038e+03,4.138115072872768906e+03,4.184919808858471697e+03
5.317635270541082718e+03,4.004203302197497578e+03,3.981995636096669386e+03,4.027118106741344036e+03,4.166678759490307129e+03,4.143569990115536712e+03,4.190523360317221886e+03
5.323446893787575391e+03,4.009483687813994493e+03,3.987224433890843557e+03,4.032491610829497859e+03,4.172173403225829134e+03,4.149010952789610201e+03,4.196114900920532818e+03
5.329258517034068063e+03,4.014750729405579023e+03,3.992439738552616291e+03,4.037853501114739174e+03,4.177654161486270823e+03,4.154437874830894543e+03,4.201694356476640678e+03
5.335070140280560736e+03,4.020004342387095676e+03,3.997641466941984618e+03,4.043203705963398534e+03,4.183120946254331102e+03,4.159850669725880834e+03,4.207261652445253276e+03
5.340881763527054318e+03,4.025244441740998809e+03,4.002829535483211203e+03,4.048542153404053806e+03,4.188573669062772751e+03,4.165249250507641591e+03,4.212816713934619656e+03
5.346693386773546990e+03,4.030470942013417243e+03,4.008003860160948079e+03,4.053868771124715749e+03,4.194012240990327882e+03,4.170633529751804417e+03,4.218359465698605163e+03
5.352505010020040572e+03,4.035683757310190686e+03,4.013164356516305816e+03,4.059183486469977197e+03,4.199436572657575198e+03,4.176003419572458370e+03,4.223889832133717391e+03
5.358316633266533245e+03,4.040882801292820659e+03,4.018310939642889025e+03,4.064486226438119047e+03,4.204846574222729032e+03,4.181358831618024851e+03,4.229407737276103035e+03
5.364128256513025917e+03,4.046067987174433256e+03,4.023443524182758665e+03,4.069776917678191694e+03,4.210242155377429299e+03,4.186699677067062112e+03,4.234913104798510176e+03
5.369939879759518590e+03,4.051239227715633206e+03,4.028562024322387970e+03,4.075055486487082362e+03,4.215623225342435944e+03,4.192025866624056107e+03,4.240405858007230563e+03
5.375751503006012172e+03,4.056396435220353851e+03,4.033666353788536981e+03,4.080321858806518776e+03,4.220989692863306118e+03,4.197337310515121317e+03,4.245885919838986410e+03
5.381563126252504844e+03,4.061539521531651644e+03,4.038756425844086152e+03,4.085575960220075558e+03,4.226341466206019504e+03,4.202633918483676098e+03,4.251353212857815379e+03
5.387374749498998426e+03,4.066668398027439707e+03,4.043832153283844491e+03,4.090817715950113779e+03,4.231678453152542716e+03,4.207915599786070743e+03,4.256807659251883706e+03
5.393186372745491099e+03,4.071782975616183194e+03,4.048893448430279477e+03,4.096047050854725057e+03,4.237000560996339118e+03,4.213182263187148237e+03,4.262249180830308433e+03
5.398997995991983771e+03,4.076883164732542355e+03,4.053940223129203787e+03,4.101263889424602894e+03,4.242307696537847733e+03,4.218433816955760449e+03,4.267677699019898682e+03
5.404809619238476444e+03,4.081968875332959669e+03,4.058972388745426542e+03,4.106468155779924928e+03,4.247599766079881192e+03,4.223670168860231570e+03,4.273093134861917861e+03
5.410621242484970026e+03,4.087040016891199684e+03,4.063989856158328166e+03,4.111659773667149238e+03,4.252876675422993685e+03,4.228891226163765168e+03,4.278495409008741262e+03
5.416432865731463608e+03,4.092096498393849288e+03,4.068992535757407495e+03,4.116838666455821112e+03,4.258138329860789781e+03,4.234096895619804855e+03,4.283884441720540963e+03
5.422244488977956280e+03,4.097138228335736130e+03,4.073980337437766593e+03,4.122004757135328873e+03,4.263384634175163228e+03,4.239287083467334014e+03,4.289260152861902498e+03
5.428056112224448952e+03,4.102165114715327036e+03,4.078953170595519168e+03,4.127157968311612422e+03,4.268615492631505731e+03,4.244461695426103688e+03,4.294622461898411530e+03
5.433867735470941625e+03,4.107177065030045014e+03,4.083910944123187164e+03,4.132298222203849036e+03,4.273830808973833882e+03,4.249620636691838627e+03,4.299971287893190492e+03
5.439679358717434297e+03,4.112173986271546710e+03,4.088853566405018228e+03,4.137425440641104615e+03,4.279030486419877889e+03,4.254763811931364216e+03,4.305306549503421593e+03
5.445490981963927879e+03,4.117155784920932092e+03,4.093780945312224503e+03,4.142539545058945805e+03,4.284214427656092994e+03,4.259891125277654282e+03,4.310628164976827065e+03
5.451302605210421461e+03,4.122122366943908673e+03,4.098692988198217790e+03,4.147640456495993931e+03,4.289382534832631791e+03,4.265002480324872522e+03,4.315936052148071212e+03
5.457114228456914134e+03,4.127073637785896608e+03,4.103589601893735562e+03,4.152728095590479825e+03,4.294534709558242866e+03,4.270097780123297525e+03,4.321230128435186089e+03
5.462925851703406806e+03,4.132009502367060122e+03,4.108470692701931512e+03,4.157802382576727723e+03,4.299670852895113057e+03,4.275176927174221419e+03,4.326510310835901691e+03
5.468737474949899479e+03,4.136929865077315299e+03,4.113336166393422900e+03,4.162863237281611873e+03,4.304790865353661502e+03,4.280239823424786664e+03,4.331776515923974330e+03
5.474549098196392151e+03,4.141834629771213258e+03,4.118185928201225579e+03,4.167910579120983130e+03,4.309894646887217277e+03,4.285286370262721903e+03,4.337028659845452239e+03
5.480360721442885733e+03,4.146723699762851538e+03,4.123019882815686287e+03,4.172944327096032794e+03,4.314982096886731597e+03,4.290316468511071434e+03,4.342266658314899360e+03
5.486172344689379315e+03,4.151596977820625398e+03,4.127837934379327635e+03,4.177964399789640993e+03,4.320053114175308110e+03,4.295330018422818284e+03,4.347490426611597286e+03
5.491983967935871988e+03,4.156454366161991857e+03,4.132639986481588494e+03,4.182970715362647752e+03,4.325107597002755938e+03,4.300326919675429053e+03,4.352699879575663545e+03
5.497795591182364660e+03,4.161295766448148242e+03,4.137425942153598044e+03,4.187963191550145893e+03,4.330145443040056307e+03,4.305307071365399679e+03,4.357894931604188969e+03
5.503607214428857333e+03,4.166121079778611602e+03,4.142195703862777918e+03,4.192941745657649335e+03,4.335166549373716407e+03,4.310270372002647491e+03,4.363075496647258660e+03
5.509418837675350915e+03,4.170930206685779922e+03,4.146949173507445266e+03,4.197906294557285037e+03,4.340170812500115062e+03,4.315216719504895991e+03,4.368241488203983863e+03
5.515230460921843587e+03,4.175723047129405131e+03,4.151686252411337591e+03,4.202856754683908548e+03,4.345158128319748357e+03,4.320146011191969592e+03,4.373392819318460170e+03
5.521042084168337169e+03,4.180499500490990613e+03,4.156406841318029365e+03,4.207793042031184086e+03,4.350128392131402506e+03,4.325058143779993770e+03,4.378529402575696622e+03
5.526853707414829842e+03,4.185259465568125961e+03,4.161110840385350457e+03,4.212715072147629144e+03,4.355081498626252142e+03,4.329953013375579758e+03,4.383651150097484788e+03
5.532665330661322514e+03,4.190002840568767169e+03,4.165798149179659049e+03,4.217622760132576332e+03,4.360017341881918583e+03,4.334830515469865531e+03,4.388757973538207807e+03
5.538476953907815187e+03,4.194729523105413136e+03,4.170468666670091807e+03,4.222516020632146137e+03,4.364935815356401690e+03,4.339690544932539524e+03,4.393849784080649442e+03
5.544288577154308769e+03,4.199439410189232149e+03,4.175122291222724925e+03,4.227394767835119637e+03,4.369836811881970789e+03,4.344532996005756104e+03,4.398926492431694896e+03
5.550100200400801441e+03,4.204132398224126518e+03,4.179758920594666961e+03,4.232258915468805753e+03,4.374720223658992836e+03,4.349357762297991030e+03,4.403988008818035269e+03
5.555911823647295023e+03,4.208808383000674439e+03,4.184378451928059803e+03,4.237108376794823926e+03,4.379585942249616892e+03,4.354164736777803228e+03,4.409034242981769239e+03
5.561723446893787695e+03,4.213467259690052742e+03,4.188980781744025080e+03,4.241943064604863139e+03,4.384433858571464953e+03,4.358953811767534717e+03,4.414065104176005661e+03
5.567535070140280368e+03,4.218108922837845967e+03,4.193565805936521429e+03,4.246762891216380012e+03,4.389263862891175449e+03,4.363724878936910500e+03,4.419080501160372478e+03
5.573346693386773040e+03,4.222733266357786306e+03,4.198133419766129919e+03,4.251567768468254144e+03,4.394075844817905818e+03,4.368477829296584787e+03,4.424080342196504716e+03
5.579158316633266622e+03,4.227340183525422617e+03,4.202683517853740341e+03,4.256357607716385246e+03,4.398869693296723199e+03,4.373212553191557163e+03,4.429064535043458818e+03
5.584969939879760204e+03,4.231929566971690292e+03,4.207215994174186562e+03,4.261132319829236621e+03,4.403645296601936934e+03,4.377928940294563290e+03,4.434032986953076033e+03
5.590781563126252877e+03,4.236501308676412009e+03,4.211730742049769106e+03,4.265891815183334984e+03,4.408402542330315555e+03,4.382626879599322820e+03,4.438985604665301253e+03
5.596593186372745549e+03,4.241055299961714809e+03,4.216227654143716791e+03,4.270636003658712070e+03,4.413141317394251018e+03,4.387306259413745465e+03,4.443922294403437263e+03
5.602404809619238222e+03,4.245591431485368958e+03,4.220706622453559248e+03,4.275364794634281679e+03,4.417861508014813808e+03,4.391966967353027030e+03,4.448842961869338069e+03
5.608216432865730894e+03,4.250109593234011300e+03,4.225167538304383925e+03,4.280078096983196701e+03,4.422562999714717989e+03,4.396608890332639021e+03,4.453747512238571289e+03
5.614028056112224476e+03,4.254609674516295854e+03,4.229610292342058528e+03,4.284775819068091550e+03,4.427245677311178952e+03,4.401231914561268241e+03,4.458635850155475055e+03
5.619839679358718058e+03,4.259091563955994388e+03,4.234034774526308865e+03,4.289457868736331875e+03,4.431909424908742039e+03,4.405835925533623595e+03,4.463507879728207627e+03
5.625651302605210731e+03,4.263555149484944195e+03,4.238440874123754838e+03,4.294124153315159674e+03,4.436554125891939293e+03,4.410420808023181962e+03,4.468363504523697884e+03
5.631462925851703403e+03,4.268000318335926750e+03,4.242828479700803655e+03,4.298774579606802945e+03,4.441179662917887981e+03,4.414986446074795822e+03,4.473202627562564885e+03
5.637274549098196076e+03,4.272426957035472697e+03,4.247197479116500290e+03,4.303409053883520755e+03,4.445785917908790907e+03,4.419532722997252677e+03,4.478025151313944662e+03
5.643086172344688748e+03,4.276834951396557699e+03,4.251547759515244252e+03,4.308027481882584652e+03,4.450372772044344856e+03,4.424059521355698962e+03,4.482830977690286090e+03
5.648897795591182330e+03,4.281224186511182779e+03,4.255879207319418128e+03,4.312629768801208229e+03,4.454940105754019896e+03,4.428566722963965731e+03,4.487620008042063091e+03
5.654709418837675912e+03,4.285594546742884631e+03,4.260191708221934277e+03,4.317215819291393018e+03,4.459487798709260460e+03,4.433054208876816119e+03,4.492392143152414974e+03
5.660521042084168585e+03,4.289945915719135883e+03,4.264485147178669649e+03,4.321785537454751648e+03,4.464015729815580926e+03,4.437521859382069124e+03,4.497147283231758593e+03
5.666332665330661257e+03,4.294278176323636217e+03,4.268759408400789653e+03,4.326338826837223678e+03,4.468523777204542967e+03,4.441969553992616056e+03,4.501885327912294997e+03
5.672144288577153930e+03,4.298591210688511637e+03,4.273014375346980160e+03,4.330875590423747781e+03,4.473011818225640127e+03,4.446397171438336954e+03,4.506606176242455149e+03
5.677955911823647511e+03,4.302884900186400046e+03,4.277249930715567643e+03,4.335395730632878440e+03,4.477479729438062350e+03,4.450804589657900578e+03,4.511309726681306529e+03
5.683767535070140184e+03,4.307159125422441321e+03,4.281465956436543820e+03,4.339899149311303518e+03,4.481927386602350452e+03,4.455191685790460724e+03,4.515995877092846968e+03
5.689579158316633766e+03,4.311413766226138250e+03,4.285662333663469326e+03,4.344385747728328170e+03,4.486354664671947830e+03,4.459558336167239759e+03,4.520664524740263005e+03
5.695390781563126438e+03,4.315648701643122877e+03,4.289838942765270076e+03,4.348855426570268719e+03,4.490761437784611189e+03,4.463904416302986647e+03,4.525315566280095481e+03
5.701202404809619111e+03,4.319863809926817339e+03,4.293995663317915387e+03,4.353308085934788323e+03,4.495147579253747608e+03,4.468229800887314923e+03,4.529948897756348742e+03
5.707014028056111783e+03,4.324058968529961021e+03,4.298132374095996965e+03,4.357743625325149878e+03,4.499512961559590622e+03,4.472534363775947895e+03,4.534564414594508889e+03
5.712825651302605365e+03,4.328234054096034924e+03,4.302248953064180569e+03,4.362161943644412531e+03,4.503857456340279896e+03,4.476817977981821969e+03,4.539162011595497461e+03
5.718637274549098038e+03,4.332388942450559625e+03,4.306345277368533061e+03,4.366562939189530880e+03,4.508180934382803571e+03,4.481080515666048996e+03,4.543741582929549622e+03
5.724448897795591620e+03,4.336523508592277722e+03,4.310421223327752159e+03,4.370946509645405968e+03,4.512483265613825097e+03,4.485321848128811325e+03,4.548303022130001409e+03
5.730260521042084292e+03,4.340637626684217139e+03,4.314476666424227005e+03,4.375312552078842600e+03,4.516764319090383651e+03,4.489541845800041301e+03,4.552846222087018759e+03
5.736072144288576965e+03,4.344731170044636201e+03,4.318511481295057820e+03,4.379660962932453913e+03,4.521023962990469954e+03,4.493740378230085298e+03,4.557371075041247423e+03
5.741883767535069637e+03,4.348804011137804991e+03,4.322525541722831804e+03,4.383991638018434969e+03,4.525262064603435647e+03,4.497917314080104916e+03,4.561877472577333720e+03
5.747695390781563219e+03,4.352856021564710318e+03,4.326518720626386312e+03,4.388304472512326356e+03,4.529478490320319906e+03,4.502072521112464528e+03,4.566365305617437116e+03
5.753507014028056801e+03,4.356887072053596967e+03,4.330490890051361930e+03,4.392599360946652268e+03,4.533673105624008713e+03,4.506205866180897829e+03,4.570834464414610011e+03
5.759318637274549474e+03,4.360897032450384359e+03,4.334441921160663696e+03,4.396876197204473101e+03,4.537845775079257692e+03,4.510317215220586149e+03,4.575284838546090214e+03
5.765130260521042146e+03,4.364885771708944958e+03,4.338371684224752244e+03,4.401134874512900751e+03,4.541996362322585810e+03,4.514406433238059435e+03,4.579716316906543398e+03
5.770941883767534819e+03,4.368853157881244442e+03,4.342280048611831262e+03,4.405375285436462036e+03,4.546124730052002633e+03,4.518473384300972612e+03,4.584128787701175497e+03
5.776753507014027491e+03,4.372799058107359087e+03,4.346166882777885803e+03,4.409597321870448468e+03,4.550230740016630079e+03,4.522517931527751898e+03,4.588522138438794173e+03
5.782565130260521073e+03,4.376723338605314893e+03,4.350032054256553238e+03,4.413800875034110504e+03,4.554314253006128638e+03,4.526539937077047398e+03,4.592896255924738398e+03
5.788376753507014655e+03,4.380625864660813932e+03,4.353875429648862337e+03,4.417985835463819967e+03,4.558375128840000798e+03,4.530539262137065634e+03,4.597251026253758937e+03
5.794188376753507328e+03,4.384506500616797894e+03,4.357696874612858664e+03,4.422152093006106952e+03,4.562413226356738051e+03,4.534515766914758387e+03,4.601586334802774218e+03
5.800000000000000000e+03,4.388365109862857025e+03,4.361496253853008966e+03,4.426299536810620339e+03,4.566428403402794174e+03,4.538469310624813261e+03,4.605902066223544352e+03
